episode,episode_reward,step
30.0,9.859999999999957,12000
60.0,22.87000000000028,24000
90.0,16.719999999999914,36000
