episode,episode_reward,step
30.0,2.0500000000000003,12000
60.0,28.230000000000246,24000
90.0,113.43000000000103,36000
120.0,244.9399999999995,48000
150.0,212.83999999999975,60000
180.0,56.55999999999993,72000
210.0,111.13000000000048,84000
240.0,66.10999999999993,96000
