episode,episode_reward,step
30.0,14.509999999999918,12000
60.0,32.689999999999976,24000
90.0,29.499999999999858,36000
120.0,28.27000000000034,48000
150.0,34.27999999999971,60000
180.0,36.36000000000015,72000
210.0,38.03000000000078,84000
240.0,32.83000000000001,96000
270.0,44.73000000000023,108000
300.0,33.04999999999988,120000
330.0,85.23000000000117,132000
360.0,40.31999999999965,144000
390.0,40.11999999999933,156000
420.0,49.2899999999996,168000
