episode,episode_reward,step
30.0,3.439999999999971,12000
60.0,38.68000000000007,24000
90.0,57.789999999999445,36000
120.0,191.0199999999995,48000
150.0,149.01000000000158,60000
180.0,18.350000000000033,72000
210.0,0.0,84000
240.0,24.40000000000012,96000
270.0,46.14000000000005,108000
