episode,episode_reward,step
30.0,1.380000000000001,12000
60.0,16.179999999999975,24000
90.0,63.31000000000059,36000
