episode,episode_reward,step
30.0,6.049999999999944,12000
60.0,15.969999999999914,24000
90.0,11.899999999999928,36000
